{"is_source_file": true, "format": "Python", "description": "This file generates and writes the OpenAPI schema for the API defined in the main application module to a JSON file.", "external_files": ["src/api/main.py"], "external_methods": ["app.openapi()"], "published": [], "classes": [], "methods": [], "calls": ["app.openapi()", "os.makedirs()", "os.path.join()", "open().write()"], "search-terms": ["generate_openapi", "openapi_schema", "write openapi to file"], "state": 2, "file_id": 3, "knowledge_revision": 8, "git_revision": "d02b29000ac634176cc382b6ef4df590a06ea8c9", "ctags": [{"_type": "tag", "name": "openapi_schema", "path": "/home/kavia/workspace/code-generation/simple-notes-manager-216906-216915/notes_backend/src/api/generate_openapi.py", "pattern": "/^openapi_schema = app.openapi()$/", "language": "Python", "kind": "variable"}, {"_type": "tag", "name": "output_dir", "path": "/home/kavia/workspace/code-generation/simple-notes-manager-216906-216915/notes_backend/src/api/generate_openapi.py", "pattern": "/^output_dir = \"interfaces\"$/", "language": "Python", "kind": "variable"}, {"_type": "tag", "name": "output_path", "path": "/home/kavia/workspace/code-generation/simple-notes-manager-216906-216915/notes_backend/src/api/generate_openapi.py", "pattern": "/^output_path = os.path.join(output_dir, \"openapi.json\")$/", "language": "Python", "kind": "variable"}], "hash": "61e3715e79bc397fab3e70f503a41417", "format-version": 4, "code-base-name": "notes_backend", "filename": "notes_backend/src/api/generate_openapi.py", "fields": [{"name": "openapi_schema = app.openapi()", "scope": "", "scopeKind": "", "description": "unavailable"}, {"name": "output_dir = \"interfaces\"", "scope": "", "scopeKind": "", "description": "unavailable"}, {"name": "output_path = os.path.join(output_dir, \"openapi.json\")", "scope": "", "scopeKind": "", "description": "unavailable"}], "revision_history": [{"8": "d02b29000ac634176cc382b6ef4df590a06ea8c9"}]}