{"is_source_file": true, "format": "Python", "description": "A FastAPI application setup for a notes management backend, including CORS middleware and a health check endpoint.", "external_files": ["fastapi", "fastapi.middleware.cors"], "external_methods": ["fastapi.FastAPI", "fastapi.middleware.cors.CORSMiddleware"], "published": ["app"], "classes": [], "methods": [{"name": "health_check()", "description": "Endpoint that returns a simple health status message.", "scope": "", "scopeKind": ""}], "calls": ["FastAPI()", "app.add_middleware()", "CORSMiddleware"], "search-terms": ["FastAPI", "CORS", "health check", "main.py"], "state": 2, "file_id": 1, "knowledge_revision": 9, "git_revision": "d02b29000ac634176cc382b6ef4df590a06ea8c9", "ctags": [{"_type": "tag", "name": "app", "path": "/home/kavia/workspace/code-generation/simple-notes-manager-216906-216915/notes_backend/src/api/main.py", "pattern": "/^app = FastAPI()$/", "language": "Python", "kind": "variable"}, {"_type": "tag", "name": "health_check", "path": "/home/kavia/workspace/code-generation/simple-notes-manager-216906-216915/notes_backend/src/api/main.py", "pattern": "/^def health_check():$/", "language": "Python", "kind": "function", "signature": "()"}], "hash": "58352bf5f133908bab16643199aa483d", "format-version": 4, "code-base-name": "notes_backend", "filename": "notes_backend/src/api/main.py", "fields": [{"name": "app = FastAPI()", "scope": "", "scopeKind": "", "description": "unavailable"}], "revision_history": [{"9": "d02b29000ac634176cc382b6ef4df590a06ea8c9"}]}