{"is_source_file": false, "format": "", "description": "", "external_files": [], "external_methods": [], "published": [], "classes": [], "methods": [], "calls": [], "search-terms": ["README.md", "simple-notes-manager"], "state": 2, "file_id": 4, "knowledge_revision": 7, "git_revision": "58f8449d809671508aee3e3b0e0a851bf8f6d428", "hash": "b7df6499bf473450e12fcab1a3fe4b94", "format-version": 4, "code-base-name": "notes_backend", "filename": "README.md", "revision_history": [{"7": "58f8449d809671508aee3e3b0e0a851bf8f6d428"}]}